업체명,별점,블로그리뷰,방문뷰,업종,전화번호,도로명,지번
진식주,4.94,6,17,"술집,요리주점",010-4161-1817,서울특별시 송파구 삼전로13길 52 1층 진식주,서울특별시 송파구 잠실동 212-15
스웨덴피크닉,4.92,8,133,"술집,와인",070-8286-4119,서울특별시 송파구 백제고분로43길 10 지하 1층,서울특별시 송파구 송파동 45-18 지하 1층
치즈룸 X 테이스팅룸 월드타워,4.49,885,2119,"음식점,이탈리아음식",02-3213-4550,서울특별시 송파구 올림픽로 300 롯데월드몰 5F,서울특별시 송파구 신천동 29
호이안로스터리 송리단길점,4.67,27,116,"음식점,카페,디저트",02-422-8929,서울특별시 송파구 백제고분로45길 3-18,서울특별시 송파구 송파동 46-13
오린지,4.37,419,174,"음식점,카페,디저트",010-9292-4802,서울특별시 송파구 송파대로48길 19 1층,서울특별시 송파구 송파동 30-7
갓잇 송리단길점,4.45,923,461,"음식점,멕시코,남미음식",02-487-9451,서울특별시 송파구 백제고분로45길 4-14,서울특별시 송파구 송파동 48-6
청와옥 본점,4.39,966,679,"한식,순대,순댓국",02-416-3456,서울특별시 송파구 위례성대로 48 반도빌딩 1층,서울특별시 송파구 방이동 177-3 반도빌딩 1층
서울리즘,4.35,660,312,"음식점,카페,디저트",02-412-0812,서울특별시 송파구 백제고분로 435 예스빌딩 6층,서울특별시 송파구 송파동 48-7
카페 노티드 잠실,4.27,138,256,"음식점,카페,디저트",070-8836-9377,서울특별시 송파구 백제고분로45길 3 2층,서울특별시 송파구 송파동 46-4
포숑 롯데월드몰점,4.36,323,274,"음식점,브런치",02-3213-4188,서울특별시 송파구 올림픽로 300 롯데월드몰 1F,서울특별시 송파구 신천동 29
밀파니,4.25,25,177,"카페,디저트,베이커리",02-406-0000,"서울특별시 송파구 위례서로 273 밀파니 빌딩 1,2층","서울특별시 송파구 거여동  594-4 밀파니빌딩 1,2층"
홈수끼,4.34,681,948,"일식,샤브샤브",02-417-4124,서울특별시 송파구 위례성대로 134 한스빌딩,서울특별시 송파구 방이동 183-6 한스빌딩
멘야하나비,4.54,1434,138,"일식,우동,소바",070-8959-1108,서울특별시 송파구 백제고분로45길 38,서울특별시 송파구 송파동 57
다운타우너 잠실,4.55,1606,1333,"음식점,햄버거",070-8868-3696,서울특별시 송파구 백제고분로45길 3 1층 다운타우너,서울특별시 송파구 송파동 46-4
소우리,4.72,40,158,"한식,소고기구이",02-3012-3342,서울특별시 송파구 오금로46길 20 102호,서울특별시 송파구 가락동 174-26
마초야 송파점,4.62,87,147,"일식,우동,소바",02-412-1403,서울특별시 송파구 백제고분로40길 24 1층,서울특별시 송파구 석촌동 280-8
냠냠물고기,4.41,182,112,"일식,일식당",010-3526-4478,서울특별시 송파구 송파대로30길 41-21,서울특별시 송파구 가락동 74-5
꼬앙드파리,4.68,376,99,"음식점,카페,디저트",010-3573-7086,서울특별시 송파구 마천로7길 18 1층,서울특별시 송파구 오금동 16-6
바이킹스워프 롯데월드몰점,4.36,1848,787,"해물,생선요리,바닷가재요리",1644-3210,서울특별시 송파구 올림픽로 300,서울특별시 송파구 신천동 29 롯데월드몰 캐쥬얼동 4층
단디,4.4,1249,589,"일식,덮밥",02-412-5335,서울특별시 송파구 백제고분로45길 7,서울특별시 송파구 송파동 45-5
라라브레드 송파점,4.43,2029,1223,"음식점,카페,디저트",1800-1990,서울특별시 송파구 오금로16길 4,서울특별시 송파구 송파동 58-8
직화방2,4.74,322,330,"음식점,한식",02-6956-9282,"서울특별시 송파구 올림픽로32길 18-11 101, 102호","서울특별시 송파구 방이동 63-1 101, 102호"
미자식당,4.18,1250,175,"한식,백반,가정식",02-425-0809,서울특별시 송파구 오금로18길 14,서울특별시 송파구 송파동 51-9
벨라스가든,4.48,522,510,"음식점,브런치",02-424-4243,서울특별시 송파구 백제고분로41길 42-19 1층,서울특별시 송파구 송파동 32-2
프로퍼커피바,4.47,867,583,"카페,디저트,카페",02-3401-0703,서울특별시 송파구 위례성대로22길 6 유진빌딩,서울특별시 송파구 오금동 8-5 유진빌딩 1층
비채나,4.57,424,199,"음식점,한식",02-1811-1870,서울특별시 송파구 올림픽로 300 롯데월드타워 81층,서울특별시 송파구 신천동 29
미엔아이,4.65,745,513,"음식점,아시아음식",02-422-0652,서울특별시 송파구 오금로16길 5,서울특별시 송파구 송파동 55
스시작,4.15,122,39,"일식,일식당",02-422-2017,서울특별시 송파구 양재대로71길 13,서울특별시 송파구 방이동 203
고도식,4.45,527,301,"한식,육류,고기요리",02-422-8692,서울특별시 송파구 백제고분로45길 28,서울특별시 송파구 송파동 55-7
야끼소바 니주마루,4.6,127,120,"일식,일식당",070-7819-0012,서울특별시 송파구 백제고분로41길 21 1층,서울특별시 송파구 송파동 13-18 1층
빌즈 잠실,4.19,1495,1669,"음식점,브런치",02-3213-4185,서울특별시 송파구 올림픽로 300 롯데월드몰 1층,서울특별시 송파구 신천동 29
아낙네그루브,4.3,236,150,"음식점,양식",02-423-4293,"서울특별시 송파구 백제고분로45길 15 4,5층 아낙네그루브",서울특별시 송파구 송파동 42-6
몽중헌 방이점,4.4,554,273,"중식,중식당",02-2202-8004,"서울특별시 송파구 위례성대로 10 S타워 20, 21F",서울특별시 송파구 방이동 44-5
코스모스시,4.69,21,62,"일식,일식당",010-3285-1713,서울특별시 송파구 삼전로7길 15,서울특별시 송파구 잠실동 249
프레드릭베이커리,4.39,718,428,"카페,디저트,베이커리",02-417-2114,서울특별시 송파구 오금로 137,서울특별시 송파구 방이동 109-15
배키욘방,4.5,766,798,"일식,우동,소바",02-418-7773,서울특별시 송파구 올림픽로32길 22-23 1층,서울특별시 송파구 방이동 62-3 1층
오쓰세이로무시,4.29,170,136,"일식,일식당",02-419-2222,서울특별시 송파구 백제고분로45길 30,서울특별시 송파구 송파동 56-2
등촌샤브칼국수 방이본점,4.39,3784,470,"한식,칼국수,만두",02-421-2020,서울특별시 송파구 올림픽로30길 10,서울특별시 송파구 방이동 24-7
서정적살롱,4.19,439,279,"음식점,브런치",02-415-7670,서울특별시 송파구 석촌호수로 274 씨엠빌딩,서울특별시 송파구 송파동 32-7
청와옥 석촌호수직영점,4.55,799,616,"한식,순대,순댓국",02-422-0550,서울특별시 송파구 삼학사로 96,서울특별시 송파구 석촌동 2
씨즐,4.91,4,16,"음식점,멕시코,남미음식",02-403-0427,서울특별시 송파구 새말로11길 16 미래스위트하우스 101호,서울특별시 송파구 문정동 87-17
스시산,4.41,363,334,"일식,일식당",02-413-3337,서울특별시 송파구 석촌호수로 118 잠실청호빌딩 2층,서울특별시 송파구 잠실동 242-9
엘리스리틀이태리,4.48,528,223,"음식점,이탈리아음식",02-422-1210,서울특별시 송파구 백제고분로41길 43-21,서울특별시 송파구 송파동 8
대즐커피,5.0,8,9,"음식점,카페,디저트",010-9791-3484,서울특별시 송파구 위례성대로14길 7-16 1층,서울특별시 송파구 방이동 193-8 1층
라쁘띠,4.32,162,127,"음식점,카페,디저트",02-418-6773,서울특별시 송파구 가락로11길 19 1층 라쁘띠,서울특별시 송파구 석촌동 261-17
아웃백스테이크하우스 잠실점,4.4,657,3407,"음식점,패밀리레스토랑",02-418-4071,서울특별시 송파구 송파대로 466,서울특별시 송파구 송파동 15-1
봉피양 방이점,4.35,991,344,"음식점,한식",02-415-5527,서울특별시 송파구 양재대로71길 1-4,서울특별시 송파구 방이동 205-8
소마드로잉카페 잠실새내점,4.78,33,83,"음식점,카페,디저트",02-422-8133,서울특별시 송파구 올림픽로10길 13-1 지하 1층,서울특별시 송파구 잠실동 191-1
STAY,4.4,773,1340,"음식점,프랑스음식",02-3213-1231,서울특별시 송파구 올림픽로 300 롯데월드타워 81층,서울특별시 송파구 신천동 29
호이안로스터리,4.64,156,167,"음식점,카페,디저트",02-527-8929,서울특별시 송파구 법원로 128 B동 115호,서울특별시 송파구 문정동 642-3
피제리아라고,4.49,349,151,"음식점,이탈리아음식",02-422-8588,서울특별시 송파구 백제고분로41길 39,서울특별시 송파구 송파동 9-9
청화초밥,4.42,299,325,"일식,초밥,롤",02-420-3686,서울특별시 송파구 오금로13길 14 1층 ,서울특별시 송파구 방이동 69-9
경양카츠 송리단길점,4.43,251,189,"일식,돈가스",02-2203-0717,서울특별시 송파구 백제고분로45길 12 1층 경양카츠,서울특별시 송파구 송파동 51-10
세상의모든아침 롯데월드몰점,4.33,61,121,"음식점,브런치",02-3213-4670,서울특별시 송파구 올림픽로 300 롯데월드몰 6층,서울특별시 송파구 신천동 29
이낙근찹쌀떡베이커리카페,4.42,24,258,"카페,디저트,베이커리",02-423-4082,서울특별시 송파구 중대로 316 이낙근찹쌀떡베이커리,서울특별시 송파구 오금동 95-3
빠레뜨한남 석촌호수점,4.47,348,279,"음식점,양식",02-6407-3417,서울특별시 송파구 오금로16길 10 1층,서울특별시 송파구 송파동 57-11 1층
코벤트가든 올림픽공원점,4.39,990,1727,"음식점,이탈리아음식",02-3431-5565,서울특별시 송파구 위례성대로 128 1층,서울특별시 송파구 방이동 183-3
온화,4.35,632,337,"카페,디저트,베이커리",02-421-7877,서울특별시 송파구 백제고분로45길 15 2층 온화,서울특별시 송파구 송파동 42
오복수산잠실,4.42,262,273,"일식,일식당",02-420-9955,,서울특별시 송파구 송파동 42-6
니엔테,4.29,413,827,"음식점,양식",02-423-7846,서울특별시 송파구 백제고분로45길 40 2층,서울특별시 송파구 송파동 58-15
우드그린4717,4.53,76,100,"이탈리아음식,스파게티,파스타전문",02-423-4717,서울특별시 송파구 위례성대로16길 10 1층,서울특별시 송파구 방이동 191-2
도요스6가,4.66,656,94,"일식,일식당",02-416-6802,서울특별시 송파구 백제고분로45길 40 트윈레이크팰리스 1층,서울특별시 송파구 송파동 58-15 트윈레이크팰리스 1층
뉴질랜드스토리,4.53,734,247,"음식점,브런치",070-7523-6265,서울특별시 송파구 석촌호수로 268 경남레이크파크,서울특별시 송파구 송파동 32-1 경남레이크파크 113호
르빵 송파점,4.45,218,585,"카페,디저트,베이커리",070-8973-7004,서울특별시 송파구 백제고분로41길 12 향나무빌딩,서울특별시 송파구 송파동 22 향나무빌딩
젠젠 잠실점,4.45,386,377,"음식점,카페,디저트",02-412-7240,서울특별시 송파구 백제고분로45길 34 동방빌딩 2F,서울특별시 송파구 송파동 56-1
포모르,4.38,55,95,"음식점,카페,디저트",010-2926-0686,서울특별시 송파구 올림픽로34길 20 1층,서울특별시 송파구 방이동 58-24 1층
라이언하트,4.74,118,53,"술집,바(BAR)",02-6413-9080,서울특별시 송파구 석촌호수로 284 지하104호,서울특별시 송파구 송파동 31-2
골든타이,4.35,473,115,"음식점,태국음식",02-461-8089,서울특별시 송파구 위례성대로 66,서울특별시 송파구 방이동 171-4 1층
다케오호르몬데판야끼 송리단길점,4.28,1281,305,"음식점,한식",070-4468-6654,서울특별시 송파구 백제고분로45길 8 1층,서울특별시 송파구 송파동 49-11
파티세리 도효,4.6,365,210,"카페,디저트,케이크전문",02-412-2049,서울특별시 송파구 백제고분로45길 21-1 2층,서울특별시 송파구 송파동 39-9
Pres Coffee,4.37,382,309,"음식점,카페,디저트",02-424-0426,,서울특별시 송파구 송파동 42-6 4F Pres coffee
해주냉면,4.33,403,601,"한식,냉면",02-424-7192,서울특별시 송파구 백제고분로7길 8-16,서울특별시 송파구 잠실동 195-9
그리지하우스,4.56,625,143,"음식점,양식",02-6013-8169,서울특별시 송파구 백제고분로41길 43-17 1층,서울특별시 송파구 송파동 8-11 1층
콘메,4.25,190,61,"음식점,이탈리아음식",010-5382-3419,서울특별시 송파구 백제고분로42길 6-30 1층,서울특별시 송파구 송파동 85-5 1층
냠냠물고기 2호점,4.69,16,13,"일식,일식당",010-8588-5938,서울특별시 송파구 송이로 135 6층 냠냠물고기 2호점,서울특별시 송파구 가락동 123-8
토닭토닭,4.33,670,288,"한식,닭갈비",02-6925-0206,서울특별시 송파구 백제고분로45길 38,서울특별시 송파구 송파동 57
부산양곱창,4.5,328,122,"한식,곱창,막창,양",02-3431-7991,서울특별시 송파구 백제고분로7길 50-1 1층부산양곱창,서울특별시 송파구 잠실동 185
글로리식당,4.19,138,35,"음식점,한식",070-8830-9523,서울특별시 송파구 백제고분로42길 4-13 102호,서울특별시 송파구 송파동 85-12
오레노라멘송파,4.49,237,249,"일식,일본식라면",02-418-3539,,서울특별시 송파구 송파동 42-6 일층
동방명주,4.15,52,20,"중식,중식당",02-6093-5555,서울특별시 송파구 백제고분로 2 동방명주,서울특별시 송파구 잠실동 1-2
온량,4.49,426,209,"음식점,양식",02-422-3642,서울특별시 송파구 백제고분로43길 4 1층,서울특별시 송파구 송파동 47
테이블하나,4.77,16,13,"술집,와인",02-422-4580,서울특별시 송파구 백제고분로45길 14-18 1층,서울특별시 송파구 송파동 51
주택가,4.46,172,57,"술집,요리주점",010-4939-9529,서울특별시 송파구 올림픽로10길 26,서울특별시 송파구 잠실동 200-5 1층
모터시티,4.32,259,92,"음식점,피자",02-424-2323,,서울특별시 송파구 송파동 42-6 2층
벽제갈비 방이본점,4.4,236,195,"한식,소고기구이",02-415-5522,서울특별시 송파구 양재대로71길 1-4,서울특별시 송파구 방이동 205-8
토우지,4.89,15,44,"술집,이자카야",02-417-5485,서울특별시 송파구 백제고분로7길 32-8,서울특별시 송파구 잠실동 189-10
차만다,4.47,241,102,"음식점,양식",02-6465-0812,서울특별시 송파구 오금로18길 6,서울특별시 송파구 송파동 51-2 106호
murmur,4.39,526,127,"음식점,카페,디저트",010-8612-4967,서울특별시 송파구 삼학사로18길 5,서울특별시 송파구 석촌동 6-5 나이스빌 1층 카페 머머 murmur
1987루프탑라운지 잠실점,4.12,419,112,"술집,바(BAR)",02-420-1987,서울특별시 송파구 올림픽로32길 11 혜성빌딩 9층,서울특별시 송파구 방이동 36-7
갓덴스시 롯데월드몰점,4.45,629,725,"일식,초밥,롤",02-3213-4519,서울특별시 송파구 올림픽로 300,서울특별시 송파구 신천동 29
반올림피자샵 잠실점,4.25,20,65,"양식,피자",02-2203-5677,서울특별시 송파구 가락로5길 4 제1층 101호,서울특별시 송파구 석촌동 251 제1층 101호
함경도찹쌀순대,4.3,881,1637,"한식,순대,순댓국",02-403-8822,서울특별시 송파구 송파대로28길 32,서울특별시 송파구 가락동 79-7
디저티스트,4.58,55,142,"음식점,카페,디저트",010-6831-3724,서울특별시 송파구 송파대로48길 37 호수임광아파트 상가동 2층,서울특별시 송파구 송파동 33
서두산 딤섬,4.34,462,207,"중식,딤섬,중식만두",02-425-4588,서울특별시 송파구 올림픽로32길 52 소은빌딩,서울특별시 송파구 방이동 104 소은빌딩
주은감자탕,4.26,602,441,"한식,감자탕",02-413-3670,서울특별시 송파구 삼학사로 71,서울특별시 송파구 삼전동 132-14
VABENE,4.47,263,61,"음식점,이탈리아음식",02-6397-0997,서울특별시 송파구 백제고분로41길 42-11 1층,서울특별시 송파구 송파동 32-3
송리단취향,4.36,319,236,"음식점,양식",010-7574-9244,서울특별시 송파구 백제고분로45길 20 1층 102호 송리단취향,서울특별시 송파구 송파동 53-10 1층 102호 송리단취향
골목떡볶이,4.37,928,711,"분식,떡볶이",02-3402-3452,서울특별시 송파구 문정로1길 33,서울특별시 송파구 문정동 44
또봄,4.5,253,90,"음식점,양식",010-2887-2456,서울특별시 송파구 오금로18길 10,서울특별시 송파구 송파동 51-4
뷰클랜드,4.58,553,657,"음식점,카페,디저트",070-4065-4860,서울특별시 송파구 백제고분로43길 10 1층,서울특별시 송파구 송파동 45-18
진지아,4.55,566,454,"중식,중식당",02-418-5354,"서울특별시 송파구 백제고분로41길 12-9 1,2층","서울특별시 송파구 송파동 23-10 1,2층"
뜻한바,4.58,43,12,"술집,요리주점",02-420-8062,서울특별시 송파구 백제고분로42길 6-9,서울특별시 송파구 송파동 86-1
일일양 석촌호수,4.81,146,57,"한식,육류,고기요리",02-418-1177,서울특별시 송파구 송파대로49길 52 나인파크 A-107호,서울특별시 송파구 석촌동 24-11
돈이찌,4.37,279,163,"일식,돈가스",02-420-4917,서울특별시 송파구 올림픽로32길 41 1층,서울특별시 송파구 방이동 99-21 1층
와타미 방이점,4.2,98,70,"술집,이자카야",02-420-9198,서울특별시 송파구 오금로15길 16 호수빌딩 1층 와타미 방이점,서울특별시 송파구 방이동 71
베르베르,4.42,280,109,"음식점,브런치",010-3443-8094,서울특별시 송파구 오금로18길 14,서울특별시 송파구 송파동 51-9
얼터너티브,4.47,6,663,"음식점,카페,디저트",02-425-0120,서울특별시 송파구 백제고분로46길 26-1 신화빌딩,서울특별시 송파구 송파동 131-25
흥도식당,4.37,72,203,"일식,돈가스",070-8676-0341,서울특별시 송파구 법원로 114 엠스테이트 지하1층 b동 155-1호 흥도식당,서울특별시 송파구 문정동 643-1
장칼집,4.44,229,207,"한식,칼국수,만두",02-420-7935,서울특별시 송파구 가락로6길 3,서울특별시 송파구 석촌동 252-14
디트로네 라운지,4.4,398,275,"음식점,카페,디저트",02-422-5021,서울특별시 송파구 석촌호수로 258 잠실아르누보팰리스,서울특별시 송파구 송파동 7-1
피자네버슬립스,4.26,381,179,"음식점,피자",070-8835-5877,서울특별시 송파구 백제고분로45길 6 지층,서울특별시 송파구 송파동 49-5
크래프트아일랜드 잠실점,4.74,554,362,"술집,맥주,호프",02-413-1555,"서울특별시 송파구 올림픽로35가길 10 더샵스타파크상가 114호,115호,119호",서울특별시 송파구 신천동 7-14
세이류,4.83,88,738,"일식,초밥,롤",02-418-2288,서울특별시 송파구 올림픽로35가길 9 지하 1층 B35호,서울특별시 송파구 신천동 11-4
쥬뗑뷔뜨,4.56,87,117,"카페,디저트,베이커리",02-6403-0098,서울특별시 송파구 백제고분로40길 14 103호 쥬뗑뷔뜨 베이커리,서울특별시 송파구 석촌동 283-10 103호 쥬뗑뷔뜨 베이커리
모꼬지에,4.16,941,373,"분식,떡볶이",02-424-6150,서울특별시 송파구 송파대로36길 5-13,서울특별시 송파구 송파동 195-1
이성원쉐프의 청년감자탕 본점,4.42,894,329,"한식,감자탕",02-3431-9252,서울특별시 송파구 오금로19길 5 1층,서울특별시 송파구 방이동 110-12
까페라리 방이점,4.34,94,92,"카페,디저트,카페",02-425-4186,서울특별시 송파구 위례성대로 134 한스빌딩,서울특별시 송파구 방이동 183-6
젠,4.41,295,154,"일식,초밥,롤",070-8161-7770,서울특별시 송파구 오금로18길 8 102호,서울특별시 송파구 송파동 51-3
아그라 잠실에비뉴엘점,4.21,529,435,"음식점,인도음식",02-3213-2633,서울특별시 송파구 올림픽로 300 롯데백화점에비뉴엘월드타워점 6층,서울특별시 송파구 신천동 29
오사카하루,4.63,1177,216,"일식,일식당",02-412-5388,서울특별시 송파구 올림픽로32길 19-15,서울특별시 송파구 방이동 59-13
가배도 송파,4.27,741,186,"음식점,카페,디저트",02-423-4542,서울특별시 송파구 백제고분로45길 6 2층 201호,서울특별시 송파구 송파동 49-5
모토쿠라시,4.58,214,65,"술집,이자카야",010-3852-6327,서울특별시 송파구 백제고분로41길 27 202호 나무문,서울특별시 송파구 송파동 11-2
라미옥,4.58,38,52,"한식,곰탕,설렁탕",02-423-1744,서울특별시 송파구 위례성대로 114 1층,서울특별시 송파구 방이동 182-2
잠수교집 3호점,4.5,271,152,"음식점,한식",02-419-0434,서울특별시 송파구 송파대로49길 51 1층 잠수교집,서울특별시 송파구 석촌동 23-3
사케쇼프,4.48,150,30,"술집,이자카야",02-416-9997,서울특별시 송파구 오금로16길 12,서울특별시 송파구 송파동 56-6
부일갈매기,4.63,211,68,"음식점,한식",02-412-1462,서울특별시 송파구 삼전로13길 4,서울특별시 송파구 잠실본동 242-22
코메또히또,4.08,257,38,"일식,덮밥",02-423-6399,서울특별시 송파구 송파대로49길 31,서울특별시 송파구 석촌동 157-1 1층
인딕슬로우,4.65,258,120,"음식점,인도음식",02-423-0100,서울특별시 송파구 백제고분로45길 28 벤도치빌딩2층,서울특별시 송파구 송파동 55-7
육화식당,4.4,433,184,"한식,돼지고기구이",02-424-6882,서울특별시 송파구 올림픽로32길 29,서울특별시 송파구 방이동 70
황도바지락칼국수,4.32,323,470,"한식,칼국수,만두",02-417-5058,서울특별시 송파구 백제고분로 358,서울특별시 송파구 석촌동 286-9
도삭면공방,4.47,98,104,"중식,중식당",02-417-8868,서울특별시 송파구 백제고분로7길 8-12,서울특별시 송파구 잠실동 195-10
브루클린더버거조인트 롯데월드몰점,4.41,313,274,"양식,햄버거",02-3213-4340,서울특별시 송파구 올림픽로 300 롯데월드몰 3층,서울특별시 송파구 신천동 29 롯데월드몰 3층
팻어케이크,4.54,58,37,"카페,디저트,케이크전문",010-9263-6925,서울특별시 송파구 백제고분로41길 20,서울특별시 송파구 송파동 24
소류,4.6,24,15,"일식,일식당",02-415-3777,서울특별시 송파구 오금로17길 5 1층 101호,서울특별시 송파구 방이동 104-13
오스테리아세콘디,4.71,172,1077,"음식점,이탈리아음식",010-5380-3419,서울특별시 송파구 백제고분로42길 4 1층,서울특별시 송파구 송파동 85
팔각동,4.38,199,104,"중식,중식당",070-8845-8880,서울특별시 송파구 오금로17길 6 1층 팔각동,서울특별시 송파구 방이동 105-7 1층 팔각동
피에프창 롯데월드몰점,4.31,907,593,"음식점,아시아음식",02-3213-4599,서울특별시 송파구 올림픽로 300 롯데월드몰 캐쥬얼동 5F,서울특별시 송파구 신천동 29 롯데월드몰 캐쥬얼동  5F
위커파크,4.38,541,112,"음식점,카페,디저트",010-2942-0447,서울특별시 송파구 석촌호수로 298 잠실대우레이크월드,서울특별시 송파구 송파동 58-1 잠실대우레이크월드 1층 103-1호
오늘와인한잔 석촌역점,4.44,36,87,"술집,와인",02-422-7631,서울특별시 송파구 백제고분로41길 13,서울특별시 송파구 송파동 16-6
카페이클립스,4.41,260,47,"음식점,카페,디저트",010-7147-0401,서울특별시 송파구 송파대로49길 52,서울특별시 송파구 석촌동 24-11 나인파크A 201
할머니포장마차멸치국수,4.34,498,261,"한식,국수",02-416-6698,서울특별시 송파구 오금로11길 59 올림픽파크존,서울특별시 송파구 방이동 49-5
브럭시,4.35,259,264,"양식,샌드위치",02-3213-4790,서울특별시 송파구 올림픽로 300,서울특별시 송파구 신천동 29
평화곱창,4.51,149,95,"한식,곱창,막창,양",02-418-8292,서울특별시 송파구 백제고분로41길 27 1층,서울특별시 송파구 송파동 11-2 1층
송리단길 효월,4.35,259,125,"중식,중식당",02-424-5044,서울특별시 송파구 오금로18길 6 1층,서울특별시 송파구 송파동 51-2
미강식당,4.86,223,1096,"한식,돼지고기구이",02-422-4624,서울특별시 송파구 백제고분로 122,서울특별시 송파구 잠실동 294-3
아도겐 송파점,4.52,250,128,"술집,이자카야",02-425-0106,서울특별시 송파구 백제고분로45길 21 1층 아도겐,서울특별시 송파구 송파동 40
조용,4.57,18,14,"일식,일식당",010-8968-9806,서울특별시 송파구 위례성대로18길 31-8 1층,서울특별시 송파구 방이동 207-3
쭈꾸미도사 잠실새내점,4.51,86,184,"한식,주꾸미요리",02-419-0523,서울특별시 송파구 백제고분로7길 30 1층,서울특별시 송파구 잠실동 189 1층
블렌티,4.89,52,33,"음식점,카페,디저트",02-6348-1059,서울특별시 송파구 백제고분로41길 21 2F,서울특별시 송파구 송파동 13-18
군산오징어 본점,4.3,1189,633,"해물,생선요리,오징어요리",02-413-2046,서울특별시 송파구 삼학사로 101 세준빌딩,서울특별시 송파구 삼전동 130-15
빈티지1981,4.68,171,749,"음식점,이탈리아음식",010-8221-9819,서울특별시 송파구 석촌호수로 194 태호빌딩 2층,서울특별시 송파구 석촌동 1-3
멘야호코리,4.3,55,32,"일식,일본식라면",010-7364-3112,서울특별시 송파구 올림픽로32길 41,서울특별시 송파구 방이동 99-21
맞닿음,4.22,193,65,"술집,오뎅,꼬치",02-417-0560,서울특별시 송파구 백제고분로45길 34 1층 맞닿음,서울특별시 송파구 송파동 56-1
오향가,4.44,640,395,"중식,중식당",02-401-6999,서울특별시 송파구 송이로 106,서울특별시 송파구 가락동 73-2
땡스피자 잠실새내점,4.73,1,42,"음식점,피자",02-424-0506,서울특별시 송파구 백제고분로19길 29 105호,서울특별시 송파구 잠실동 241-4 105호
요시,4.64,147,25,"술집,이자카야",02-416-2582,서울특별시 송파구 위례성대로18길 9-1 1층,서울특별시 송파구 방이동 186-15
사사노하,4.45,111,44,"술집,이자카야",070-4101-4451,서울특별시 송파구 백제고분로42길 4-13 101호,서울특별시 송파구 송파동 85-12
빈체로 올림픽공원점,4.31,222,166,"이탈리아음식,스파게티,파스타전문",02-2203-3331,서울특별시 송파구 위례성대로 68 102호,서울특별시 송파구 방이동 171-5
툇마루밥상,4.33,363,322,"한식,한정식",02-409-6979,서울특별시 송파구 송파대로22길 11,서울특별시 송파구 문정동 46-11
이월로스터스 송파점,4.54,254,127,"카페,디저트,카페",070-8839-1004,서울특별시 송파구 백제고분로45길 14,서울특별시 송파구 송파동 51-7
제주 오겹살 왕돌구이집 방이본점,4.18,943,121,"한식,돼지고기구이",02-423-0333,서울특별시 송파구 오금로15길 9-12,서울특별시 송파구 방이동 69-10
러반로제 레스토랑,4.3,126,49,"음식점,이탈리아음식",070-7778-9471,서울특별시 송파구 석촌호수로 274,서울특별시 송파구 송파동 32-7 씨엠빌딩
BBQ치킨 송파점,4.49,35,139,"음식점,치킨,닭강정",02-424-7265,서울특별시 송파구 송이로 18 성지빌딩,서울특별시 송파구 송파2동 100-1 1층
동경산책,4.38,590,266,"일식,일식당",02-421-6066,서울특별시 송파구 백제고분로45길 15 1층 102호,서울특별시 송파구 송파동 42-6 1층 102호
명서식당,4.68,81,38,"일식,일식당",070-8220-8660,서울특별시 송파구 백제고분로7길 42-29,서울특별시 송파구 잠실동 206-1
라움파스타 송파점,4.54,78,82,"이탈리아음식,스파게티,파스타전문",02-417-5663,서울특별시 송파구 송파대로39길 1-8,서울특별시 송파구 석촌동 293-9
동북양꼬치 신천본점,4.46,138,57,"중식,양꼬치",02-424-8892,서울특별시 송파구 석촌호수로12길 14,서울특별시 송파구 잠실동 207-5
신천돼지,4.7,510,305,"한식,돼지고기구이",02-414-3008,서울특별시 송파구 백제고분로9길 24,서울특별시 송파구 잠실동 201-7
노포식당,4.32,90,150,"한식,곱창,막창,양",02-408-8555,서울특별시 송파구 위례광장로 120 1층 101호,서울특별시 송파구 장지동 897 1층
방이샤브샤브칼국수,4.55,424,360,"일식,샤브샤브",02-423-3450,서울특별시 송파구 오금로31길 42,서울특별시 송파구 방이1동 213-8
Jbout,4.03,285,19,"음식점,이탈리아음식",02-424-8667,서울특별시 송파구 잠실로 180,서울특별시 송파구 신천동 32
스시다원,4.47,78,216,"일식,일식당",02-425-6906,서울특별시 송파구 삼전로12길 6 1층,서울특별시 송파구 삼전동 4
장수식당,4.22,180,127,"음식점,한식",02-415-4148,서울특별시 송파구 삼전로 95 태성빌딩,서울특별시 송파구 잠실동 252 태성빌딩
늘푸른목장 잠실본점,4.37,356,228,"한식,소고기구이",02-3431-4520,서울특별시 송파구 백제고분로9길 34,서울특별시 송파구 잠실동 203-7 1F
바 다빈치,4.35,248,17,"술집,바(BAR)",02-420-6042,서울특별시 송파구 올림픽로32길 11 혜성빌딩 지하1층,서울특별시 송파구 방이동 36-7
나무수,4.44,59,219,"음식점,이탈리아음식",070-5056-6060,서울특별시 송파구 올림픽로8길 7 잠실M타워 나무수,서울특별시 송파구 잠실동 178
롼스,4.49,347,67,"음식점,카페,디저트",02-6402-5704,서울특별시 송파구 백제고분로43길 8,서울특별시 송파구 송파동 46-19
씨젬므쥬르,4.41,205,71,"음식점,프랑스음식",070-4179-4142,서울특별시 송파구 백제고분로41길 25,서울특별시 송파구 송파동 12-3
파오파오,4.43,417,280,"중식,딤섬,중식만두",02-412-9198,서울특별시 송파구 석촌호수로12길 22,서울특별시 송파구 잠실동 205-16
만옥당,4.28,370,133,"음식점,카페,디저트",070-8154-0002,서울특별시 송파구 백제고분로45길 9 2층,서울특별시 송파구 송파동 45-4
케키하우스,4.68,102,31,"카페,디저트,케이크전문",02-425-6386,서울특별시 송파구 송파대로48길 7,서울특별시 송파구 송파동 8-13 102호 케키하우스
삼방매,4.23,391,60,"일식,일본식라면",070-4150-7718,서울특별시 송파구 백제고분로45길 23,서울특별시 송파구 송파동 39-3
곱품닭 곱도리식당 잠실점,4.67,236,118,"한식,닭볶음탕",02-422-0576,서울특별시 송파구 백제고분로7길 27 1층,서울특별시 송파구 잠실동 180-9 1층
이낙근찹쌀떡베이커리 잠실지점,4.18,14,84,"카페,디저트,베이커리",02-2145-4082,서울특별시 송파구 올림픽로 212 겔러리아팰리스 지하 1층,서울특별시 송파구 잠실3동 40 겔러리아팰리스 지하 1층
오모리찌개 잠실본점,4.21,678,664,"한식,찌개,전골",02-2203-0067,서울특별시 송파구 송파대로 471,서울특별시 송파구 석촌동 183-3
그곁,4.88,8,16,"술집,요리주점",02-417-8666,서울특별시 송파구 오금로18길 14 1층,서울특별시 송파구 송파동 51-9 1층
란슬롯,4.39,24,14,"술집,바(BAR)",02-423-5927,서울특별시 송파구 오금로16길 10-6 지하 1층,서울특별시 송파구 송파동 57-3 지하 1층
별미곱창,4.51,435,426,"한식,곱창,막창,양",02-413-3610,서울특별시 송파구 오금로11길 14 별미곱창 본점,서울특별시 송파구 방이동 64-1
유천냉면 풍납본점,4.34,716,949,"한식,냉면",02-419-4000,서울특별시 송파구 강동대로3길 22 유천칡냉면,서울특별시 송파구 풍납동 397-18
비샵 레스토랑,4.69,232,109,"음식점,패밀리레스토랑",02-415-8410,서울특별시 송파구 위례성대로 71 한성백제박물관 2층,서울특별시 송파구 방이동 88-20
노아베이커리 잠실엘스점,4.71,372,1773,"카페,디저트,베이커리",02-416-7588,서울특별시 송파구 올림픽로 119 잠실파인애플상가,서울특별시 송파구 잠실동 19-9
일월고기,4.51,476,681,"한식,육류,고기요리",02-415-7546,서울특별시 송파구 오금로15길 7-16,서울특별시 송파구 방이동 68-10
에브리데이몬데이 카페,4.61,485,53,"음식점,카페,디저트",010-4393-0622,서울특별시 송파구 송파대로48길 14 지하 1층,서울특별시 송파구 송파동 9-17
조광 201,4.83,57,32,"중식,중식당",010-2459-0503,서울특별시 송파구 새말로8길 13 2층,서울특별시 송파구 문정동 77-5
짱꼬집,4.18,53,52,"음식점,한식",02-424-1860,서울특별시 송파구 백제고분로7길 56,서울특별시 송파구 잠실동 185-12
피피샐러드,4.52,113,107,"뷔페,채식,샐러드뷔페",070-8822-7771,서울특별시 송파구 송파대로49길 50 B동 203호,서울특별시 송파구 석촌동 24-14 B동 203호
바토스 롯데백화점 잠실점,4.25,375,235,"음식점,멕시코,남미음식",02-2143-7073,서울특별시 송파구 올림픽로 240 지하 1층,서울특별시 송파구 잠실동 40-1 지하 1층
차알,4.49,633,42,"중식,중식당",010-8817-2885,서울특별시 송파구 올림픽로 300 지하 1층,서울특별시 송파구 신천동 29
gluck,4.53,192,75,"카페,디저트,카페",070-8775-1220,서울특별시 송파구 백제고분로45길 15 3층,서울특별시 송파구 송파동 42-6
새우공방,4.43,129,57,"한식,해물,생선요리",02-422-1542,서울특별시 송파구 오금로13길 21,서울특별시 송파구 방이동 61-14
랑데자뷰 석촌점,4.39,105,211,"음식점,카페,디저트",02-419-0111,서울특별시 송파구 석촌호수로 174,서울특별시 송파구 삼전동 130-1
굽네치킨 거여역점,4.24,6,77,"음식점,치킨,닭강정",02-408-9294,서울특별시 송파구 오금로 484 1층,서울특별시 송파구 거여동 559
크래버대게나라 잠실점,4.47,1335,410,"해물,생선요리,게요리",02-412-2338,서울특별시 송파구 오금로 165,서울특별시 송파구 방이동 110-13
할머니추어탕,4.41,103,370,"한식,추어탕",02-421-1022,서울특별시 송파구 백제고분로 139 극동빌딩 B동 1층,서울특별시 송파구 잠실동 228-8
KITT,4.48,47,111,"음식점,카페,디저트",02-2042-5100,서울특별시 송파구 석촌호수로 160,서울특별시 송파구 삼전동 111-3
밀회관 잠실새내점,4.39,173,109,"술집,맥주,호프",02-423-0120,서울특별시 송파구 백제고분로9길 54,서울특별시 송파구 잠실동 207-10
카페마마스 잠실점,4.36,505,1013,"카페,디저트,카페",02-2146-2214,서울특별시 송파구 올림픽로 269 롯데캐슬잠실점 1층,서울특별시 송파구 신천동 7-18
김영모과자점 잠실에비뉴엘점,4.42,384,1014,"카페,디저트,베이커리",02-3213-2543,서울특별시 송파구 올림픽로 300 롯데백화점 에비뉴엘 월드타워점 5층,서울특별시 송파구 신천동 29 롯데백화점 에비뉴엘 월드타워점 5층
플라워베이커리 문정본점,4.49,265,666,"카페,디저트,베이커리",02-2283-1345,서울특별시 송파구 법원로 114 엠스테이트 지하 1층 B134호,서울특별시 송파구 문정동 643-1 엠스테이트 지하1층 B134호
신천포차,4.43,135,55,"술집,포장마차",02-415-7838,서울특별시 송파구 석촌호수로12길 8,서울특별시 송파구 잠실동 208-6 1층
샐러디치 오도씨,5.0,1,7,"양식,샌드위치",02-421-5556,서울특별시 송파구 송파대로48길 7,서울특별시 송파구 송파동 8-13
이치고,4.32,31,25,"술집,이자카야",02-412-0481,서울특별시 송파구 백제고분로11길 6-7 1층,서울특별시 송파구 잠실동 223-18 1층
푸미흥,4.38,114,132,"음식점,베트남음식",02-423-2322,서울특별시 송파구 오금로 125 1층,서울특별시 송파구 방이동 109-11 1층
골드참치 방이점,4.72,408,463,"한식,생선회",02-422-7747,서울특별시 송파구 오금로 125,서울특별시 송파구 방이동 109-11
미분당 송파점,4.78,23,146,"음식점,베트남음식",070-8777-8161,서울특별시 송파구 가락로 119 1층 101호,서울특별시 송파구 석촌동 295-8 1층 101호
일일향 잠실점,4.26,257,278,"음식점,중식당",02-425-0678,서울특별시 송파구 석촌호수로 290 성우빌딩,서울특별시 송파구 송파동 58-18
PEACE IN THE COFFEE,4.32,378,403,"음식점,카페,디저트",02-418-8887,서울특별시 송파구 석촌호수로 258,서울특별시 송파구 송파동 7-1
서울제빵소 올림픽본점,4.34,172,429,"카페,디저트,베이커리",02-403-4665,서울특별시 송파구 양재대로 1178 올림픽선수촌아파트 상가시동 2층 서울제빵소,서울특별시 송파구 방이동 89-20 올림픽선수촌아파트 상가시동 2층 201호
마싯내,4.56,318,205,"일식,돈가스",02-2202-3979,서울특별시 송파구 석촌호수로18길 7 수정빌딩 102호,서울특별시 송파구 석촌동 157-4 수정빌딩 102호
화덕고깃간 신천본점,4.53,790,305,"육류,고기요리,화덕고깃간",02-417-2888,서울특별시 송파구 백제고분로9길 23,서울특별시 송파구 잠실동 191-5
하프파운드,4.17,85,42,"카페,디저트,베이커리",070-7332-8420,서울특별시 송파구 백제고분로33길 12,서울특별시 송파구 석촌동 17
대갈곱창&막창송파점,4.37,324,220,"한식,곱창,막창,양",02-425-0892,서울특별시 송파구 백제고분로45길 21-1,서울특별시 송파구 송파동 39-9
Born to be blue,4.6,62,61,"음식점,카페,디저트",010-3083-3332,서울특별시 송파구 송파대로32길 15,서울특별시 송파구 가락동 95-1 금호아파트 상가동 1층 120호
이백,4.58,332,115,"음식점,한식",02-413-3651,서울특별시 송파구 양재대로71길 12 새방빌딩,서울특별시 송파구 방이동 186-11
코코라운지,4.38,27,96,"술집,바(BAR)",02-413-4100,,서울특별시 송파구 방이동 36-16 17층
해닭 올림픽공원점,4.71,404,299,"한식,닭요리",02-415-5101,서울특별시 송파구 위례성대로16길 5 1층,서울특별시 송파구 방이동 190-8
이월로스터스 송파2호점,4.41,44,49,"음식점,카페,디저트",070-7778-6356,서울특별시 송파구 백제고분로 426 1층 이월로스터스 송파2호점,서울특별시 송파구 송파동 135
초밥식당 호시절,4.35,511,117,"일식,초밥,롤",02-413-0503,서울특별시 송파구 백제고분로9길 35,서울특별시 송파구 잠실동 188-12
신순남부뚜막매운갈비찜,4.61,203,192,"한식,육류,고기요리",02-422-3352,서울특별시 송파구 송파대로49길 59,서울특별시 송파구 석촌동 3-1
국밥과우동,4.63,38,155,"한식,국밥",02-424-1227,서울특별시 송파구 오금로11길 30,서울특별시 송파구 방이동 59-3
진성한우곱창,4.4,452,328,"한식,곱창,막창,양",02-402-3439,서울특별시 송파구 송파대로28길 27 성원상떼빌 1층,서울특별시 송파구 가락본동 80 성원상떼빌 1층
카페 사브레,4.42,227,141,"음식점,카페,디저트",070-7628-2828,서울특별시 송파구 송파대로46길 28,서울특별시 송파구 송파동 27-3
가일,4.51,183,67,"일식,일식당",02-412-2024,서울특별시 송파구 오금로11길 55 1층 가일  ,서울특별시 송파구 방이동 48-5
짚불구이 본가,4.55,21,40,"한식,육류,고기요리",02-422-3392,서울특별시 송파구 올림픽로32길 22-20 1층짚불구이,서울특별시 송파구 방이동 63-9
보나베띠 잠실신천점,4.35,687,218,"음식점,이탈리아음식",02-423-3520,서울특별시 송파구 올림픽로 116-1 신원빌딩 7층,서울특별시 송파구 잠실동 184-2
이자카야 인,4.46,65,40,"술집,이자카야",02-424-6398,서울특별시 송파구 송파대로49길 29 1층,서울특별시 송파구 석촌동 157-2
버터램,4.78,138,67,"음식점,양갈비",02-2043-9200,서울특별시 송파구 충민로 81-9 1층,서울특별시 송파구 문정동 74-3 1층
올더플레이트 송파점,4.24,316,96,"음식점,퓨전음식",02-6497-0901,서울특별시 송파구 백제고분로45길 25 1층 올더플레이트,서울특별시 송파구 송파동 38-3 1층
저스트 케이팝,4.59,167,629,"음식점,양식",1644-9996,서울특별시 송파구 올림픽로 300 롯데월드몰 5층,서울특별시 송파구 신천동 29
도쿄등심 롯데캐슬잠실점,4.41,1713,1783,"육류,고기요리,소고기구이",02-2146-2266,서울특별시 송파구 올림픽로 269,서울특별시 송파구 신천동 7-18
미즈컨테이너 잠실점,4.38,138,422,"양식,이탈리아음식",02-2143-1736,서울특별시 송파구 올림픽로 240 롯데백화점 잠실점 지하 1층,서울특별시 송파구 잠실동 40-1 롯데백화점 잠실점 지하 1층
쌜모네키친,4.57,430,47,"음식점,패밀리레스토랑",02-409-3923,서울특별시 송파구 중대로 60-13 청기와빌딩,서울특별시 송파구 문정동 150-32
레어마카롱,4.62,688,554,"음식점,카페,디저트",070-7717-6809,서울특별시 송파구 오금로 126,서울특별시 송파구 송파동 58-4
요리하는남자,4.53,757,750,"음식점,이탈리아음식",02-419-1511,서울특별시 송파구 백제고분로7길 27 반석빌딩 지하 1층,서울특별시 송파구 잠실동 180-9
오렌지분식,4.42,64,133,"분식,종합분식",02-420-2245,서울특별시 송파구 석촌호수로12길 3,서울특별시 송파구 잠실본동 210-29
삼전생고기,4.62,144,60,"음식점,한식",02-422-1298,서울특별시 송파구 백제고분로 228 삼화페인트,서울특별시 송파구 삼전동 49-3
꽃낙지,4.39,175,72,"한식,낙지요리",02-412-7589,서울특별시 송파구 백제고분로19길 7 1층,서울특별시 송파구 잠실동 235-11 1층
본가진미간장게장,4.25,338,127,"한식,게요리",02-422-5081,서울특별시 송파구 백제고분로 420 윤진빌딩,서울특별시 송파구 송파동 134-1
수작나베 석촌점,4.43,408,120,"음식점,아시아음식",02-423-3767,서울특별시 송파구 석촌호수로 234 1층,서울특별시 송파구 석촌동 158-7
부엉이돈가스 가든파이브현대시티몰점,4.37,70,202,"일식,돈가스",02-2673-2502,서울특별시 송파구 충민로 66 가든파이브 현대시티몰 5층,서울특별시 송파구 문정동 634
카페 마달,4.41,439,113,"음식점,카페,디저트",070-4123-0420,서울특별시 송파구 백제고분로45길 23-5,서울특별시 송파구 송파동 39-19
더뷰이자카야,4.52,87,41,"술집,요리주점",02-417-8082,서울특별시 송파구 백제고분로51길 30 4층,서울특별시 송파구 방이동 44-1
공차 석촌역점,4.42,5,195,"카페,디저트,차",02-6326-7030,서울특별시 송파구 백제고분로 387 1층,서울특별시 송파구 송파동 19-9 1층
그류,4.34,87,43,"술집,와인",010-2985-5012,서울특별시 송파구 오금로18길 11,서울특별시 송파구 송파동 50-12
최대섭대박김밥 거여역점,4.61,9,153,"분식,김밥",02-430-1713,서울특별시 송파구 거마로2길 14 1층,서울특별시 송파구 거여동 36-7
밀회관 방이점,4.53,273,83,"술집,맥주,호프",02-2202-0120,서울특별시 송파구 올림픽로32길 29,서울특별시 송파구 방이동 70
서울스낵,4.31,224,93,"분식,떡볶이",070-8820-9279,서울특별시 송파구 백제고분로45길 23,서울특별시 송파구 송파동 39-3
오발탄 송파점,4.28,1,188,"한식,곱창,막창,양",02-404-0090,서울특별시 송파구 위례성대로 206,서울특별시 송파구 오금동 4-13
EDEN,4.62,206,51,"음식점,카페,디저트",010-9184-5304,서울특별시 송파구 백제고분로7길 24-13,서울특별시 송파구 잠실동 190-3
골목길그집,4.68,86,14,"술집,이자카야",02-416-5217,서울특별시 송파구 석촌호수로12길 1-22,서울특별시 송파구 잠실동 210-45
몬스타 쉐프의 무한곱창,4.67,255,352,"한식,곱창,막창,양",02-421-4433,서울특별시 송파구 올림픽로32길 22-13 동도빌딩 1층,서울특별시 송파구 방이동 62-12
차고버거,4.42,103,133,"음식점,햄버거",070-8878-0601,서울특별시 송파구 오금로11길 61-11 엘엠오피스텔 1층 차고버거,서울특별시 송파구 방이동 49-8
풍년뼈다귀해장국,4.24,350,357,"한식,해장국",02-415-0631,서울특별시 송파구 가락로 94,서울특별시 송파구 석촌동 273-5
삼백집 잠실점,4.28,219,222,"한식,국밥",02-418-0301,서울특별시 송파구 석촌호수로 240 1층,서울특별시 송파구 석촌동 183-9
징기스 방이점,4.43,335,138,"음식점,양갈비",02-412-6945,서울특별시 송파구 올림픽로32길 33,서울특별시 송파구 방이동 70
한양중식,4.39,186,240,"중식,중식당",070-7718-1221,서울특별시 송파구 올림픽로 240 롯데마트 6층 한양중식,서울특별시 송파구 잠실동 40-1
홀짝집,4.36,594,119,"한식,육류,고기요리",02-418-1477,서울특별시 송파구 백제고분로7길 16-16 1층,서울특별시 송파구 잠실동 193-4 1층
72420,4.49,331,132,"베트남음식,72420",02-417-2420,서울특별시 송파구 백제고분로45길 12,서울특별시 송파구 송파동 51-10
피치그레이,4.54,649,41,"음식점,카페,디저트",02-412-2726,서울특별시 송파구 가락로21길 14-1 1층 피치그레이,서울특별시 송파구 송파동 94
할라스코 타코하우스,4.4,3,5,"음식점,멕시코,남미음식",070-7576-3555,서울특별시 송파구 백제고분로39길 27 안평빌딩 1층,서울특별시 송파구 석촌동 163-2
라오빠빠,4.42,156,134,"음식점,아시아음식",02-6080-1144,서울특별시 송파구 송이로17길 57,서울특별시 송파구 가락동 18-5
맥주유소,4.44,83,43,"술집,맥주,호프",02-2202-5545,서울특별시 송파구 백제고분로41길 42-8,서울특별시 송파구 송파동 30-4
함평육회,4.51,106,135,"한식,육류,고기요리",02-423-3336,서울특별시 송파구 올림픽로32길 22-19 1층,서울특별시 송파구 방이동 62-2
버들골이야기 방이점,4.46,84,65,"술집,포장마차",02-2203-0311,서울특별시 송파구 올림픽로32길 29 유성빌딩,서울특별시 송파구 방이동 70 유성빌딩 1층
블리스버거,4.82,14,192,"음식점,햄버거",02-527-0395,서울특별시 송파구 법원로 128 B동 106호,서울특별시 송파구 문정동 642-3 B동 106호
오뗄드니엔테,4.39,427,64,"음식점,카페,디저트",010-8484-7846,서울특별시 송파구 백제고분로45길 4-21,서울특별시 송파구 송파동 49-3
포켓파크,4.44,134,174,"음식점,카페,디저트",010-4488-3666,서울특별시 송파구 법원로11길 11 문정현대지식산업센터 B동 146호,서울특별시 송파구 문정동 644
할아버지 돈까스,4.24,110,102,"일식,돈가스",02-413-2245,서울특별시 송파구 올림픽로35길 104,서울특별시 송파구 신천동 7-7 (장미상가 A2동 B 31호
이자카야 오모,4.45,150,56,"술집,이자카야",02-425-1325,서울특별시 송파구 올림픽로32길 52 2층 201호,서울특별시 송파구 방이동 104
충무공,4.46,127,73,"음식점,카페,디저트",070-4189-1481,서울특별시 송파구 백제고분로45길 11 렉스프라자 2층,서울특별시 송파구 송파동 43-1 렉스프라자 2층
맛찬들왕소금구이 가락점,4.86,99,256,"한식,육류,고기요리",02-404-3392,서울특별시 송파구 송이로20길 8 1층,서울특별시 송파구 가락동 75-17 1층
도키도키키친 본점,4.18,130,45,"술집,이자카야",02-2203-3369,서울특별시 송파구 백제고분로41길 18,서울특별시 송파구 송파1동 24-7 1층
호호부엌,4.39,198,70,"술집,와인",02-425-4708,서울특별시 송파구 오금로19길 16 1층,서울특별시 송파구 방이동 112-1
아시안테이블 직영본점,4.31,496,146,"음식점,베트남음식",02-415-7720,서울특별시 송파구 삼전로 100,서울특별시 송파구 삼전동 1-3
야곱293,4.58,82,53,"한식,곱창,막창,양",02-402-9298,서울특별시 송파구 동남로6길 6,서울특별시 송파구 문정동 29-3
베이커온도,4.5,149,201,"카페,디저트,베이커리",070-4151-4986,서울특별시 송파구 백제고분로45길 17 103호 베이커온도,서울특별시 송파구 송파동 42-1 103호 베이커온도
밤비노 오스테리아,4.85,150,40,"이탈리아음식,스파게티,파스타전문",070-7543-1925,서울특별시 송파구 백제고분로7길 16-19,서울특별시 송파구 잠실동 192-5
수제맥주 바이더레이크,4.31,154,101,"술집,맥주,호프",02-420-2912,서울특별시 송파구 송파대로48길 20 1층,서울특별시 송파구 송파동 29-12
제주은희네해장국 잠실직영점,4.53,135,49,"한식,해장국",02-6013-0831,서울특별시 송파구 송파대로49길 10,서울특별시 송파구 석촌동 183-7
시그니엘서울 더 라운지,4.46,476,141,"술집,바(BAR)",02-3213-1212,서울특별시 송파구 올림픽로 300 롯데월드타워 79층,서울특별시 송파구 신천동 29
취영루 송파점,4.38,289,125,"중식,중식당",02-449-7747,서울특별시 송파구 송이로 162,서울특별시 송파구 가락동 120-2
카페 앙떼띠,4.47,143,326,"음식점,카페,디저트",02-420-7410,서울특별시 송파구 올림픽로 342,서울특별시 송파구 방이동 23-2
에이치커피로스터스 방이,4.57,67,55,"음식점,카페,디저트",02-6013-9593,서울특별시 송파구 가락로 283 1층,서울특별시 송파구 방이동 168-5
미타우동,3.99,326,43,"일식,우동,소바",070-4212-5212,서울특별시 송파구 삼전로12길 4,서울특별시 송파구 삼전동 3-1
마시찜 잠실새내점,4.4,637,711,"한식,육류,고기요리",02-412-6337,서울특별시 송파구 백제고분로7길 32-8,서울특별시 송파구 잠실동 189-10
오붓식당,4.41,291,97,"음식점,양식",02-6339-6232,서울특별시 송파구 위례광장로 120 중앙푸르지오 1단지 상가동 2층 203호,서울특별시 송파구 장지동 897
예향정 가든파이브점,4.38,10,8,"음식점,한식",02-2673-2506,서울특별시 송파구 충민로 66 테크노관 5층,서울특별시 송파구 문정동 634 테크노관 5층
shutter54,4.56,42,52,"술집,바(BAR)",02-2203-2294,서울특별시 송파구 백제고분로45길 22-1,서울특별시 송파구 송파동 54-13 1층
경성광장,4.4,250,118,"음식점,카페,디저트",02-416-5927,서울특별시 송파구 오금로16길 10-6,서울특별시 송파구 송파동 57-3
슈타인도르프,4.33,105,46,"술집,맥주,호프",02-422-9000,서울특별시 송파구 오금로15길 11,서울특별시 송파구 방이동 69-1
